id,imdb_rating,imdb_votes,number_in_season,number_in_series,original_air_date,original_air_year,production_code,season,title,us_viewers_in_millions,views
450,6.8,481,9,450,2010-01-03,2010,MABF02,21,Thursdays with Abie,8.65,36227
452,7.1,532,11,452,2010-01-31,2010,MABF03,21,Million Dollar Maybe,5.11,40854
455,7.1,480,14,455,2010-03-14,2010,MABF04,21,Postcards from the Wedge,5.23,41357
457,5.7,675,16,457,2010-03-28,2010,MABF10,21,The Greatest Story Ever D'ohed,5.69,44070
462,6.9,491,21,462,2010-05-09,2010,MABF13,21,Moe Letter Blues,5.66,40904
464,6.6,507,23,464,2010-05-23,2010,MABF15,21,Judge Me Tender,5.74,41830
466,6.8,506,2,466,2010-10-03,2010,MABF17,22,Loan-a Lisa,8.59,35051
469,7.2,482,5,469,2010-11-14,2010,MABF20,22,"Lisa Simpson, This Isn't Your Life",8.97,40637
472,6.9,564,8,472,2010-12-05,2010,MABF22,22,The Fight Before Christmas,9.54,43781
473,7,528,9,473,2010-12-12,2010,MABF19,22,Donnie Fatso,7.18,40276
476,7,486,12,476,2011-01-23,2011,NABF05,22,Homer the Father,6.5,42691
478,7.2,559,14,478,2011-02-20,2011,NABF07,22,Angry Dad: The Movie,6.35,42693
480,6.1,481,16,480,2011-03-13,2011,NABF09,22,A Midsummer's Nice Dream,5.44,38893
482,7,491,18,482,2011-04-10,2011,NABF11,22,The Great Simpsina,4.99,41560
485,7.3,505,21,485,2011-05-15,2011,NABF14,22,500 Keys,6,46660
487,7.2,672,1,487,2011-09-25,2011,NABF16,23,The Falcon and the D'ohman,8.08,39209
489,6.6,654,3,489,2011-10-30,2011,NABF19,23,Treehouse of Horror XXII,8.1,63816
491,7.2,562,5,491,2011-11-13,2011,NABF20,23,The Food Wife,7.5,42746
494,6.2,476,8,494,2011-12-04,2011,PABF02,23,The Ten-Per-Cent Solution,9.01,39002
496,6.1,549,10,496,2012-01-08,2012,PABF03,23,"Politically Inept, with Homer Simpson",5.07,44074
498,5.7,562,12,498,2012-01-29,2012,PABF05,23,Moe Goes from Rags to Riches,5.12,39838
504,7.1,470,18,504,2012-04-15,2012,PABF11,23,Beware My Cheating Bart,4.86,43422
506,6.9,405,20,506,2012-05-06,2012,PABF13,23,The Spy Who Learned Me,4.84,43544
508,4.5,1215,22,508,2012-05-20,2012,PABF14,23,Lisa Goes Gaga,4.82,44434
513,6.3,426,5,513,2012-11-18,2012,PABF19,24,Penny-Wiseguys,5.06,36897
516,7.2,441,8,516,2012-12-16,2012,RABF01,24,To Cur with Love,3.77,40726
518,7,408,10,518,2013-01-13,2013,RABF03,24,A Test Before Trying,5.04,41542
520,6.5,471,12,520,2013-02-10,2013,RABF07,24,Love is a Many-Splintered Thing,4.19,41828
522,6.2,423,14,522,2013-03-03,2013,RABF06,24,Gorgeous Grampa,4.66,39510
525,6.5,425,17,525,2013-04-14,2013,RABF08,24,What Animated Women Want,4.11,43471
527,6.8,371,19,527,2013-05-05,2013,RABF13,24,Whiskey Business,4.43,42810
531,7,635,1,531,2013-09-29,2013,RABF20,25,Homerland,6.37,47531
534,6.7,489,4,534,2013-11-10,2013,RABF22,25,YOLO,4.2,44551
536,6.5,468,6,536,2013-11-24,2013,SABF02,25,The Kid Is All Right,6.78,39590
538,6.5,449,8,538,2013-12-15,2013,SABF01,25,White Christmas Blues,8.48,39290
541,7.2,431,11,541,2014-01-26,2014,SABF06,25,Specs and the City,3.87,44119
543,6.7,468,13,543,2014-03-09,2014,SABF07,25,The Man Who Grew Too Much,3.75,44512
545,7,414,15,545,2014-03-23,2014,SABF10,25,The War of Art,3.98,41726
547,6.5,415,17,547,2014-04-06,2014,SABF12,25,Luca$,4.3,45184
550,7.7,705,20,550,2014-05-04,2014,RABF21,25,Brick Like Me,4.39,65613
552,6.7,416,22,552,2014-05-18,2014,SABF18,25,The Yellow Badge of Cowardge,3.28,46408
554,6.9,490,2,554,2014-10-05,2014,SABF17,26,The Wreck of the Relationship,4.27,38411
557,6.3,442,5,557,2014-11-02,2014,SABF22,26,Opposites A-Frack,4.22,36410
559,6.9,456,7,559,2014-11-16,2014,TABF01,26,Blazed and Confused,6.7,43513
562,6.8,578,10,562,2015-01-04,2015,RABF15,26,The Man Who Came to Be Dinner,10.62,36622
564,5.8,439,12,564,2015-01-25,2015,TABF04,26,The Musk Who Fell to Earth,3.29,35848
570,6.7,334,18,570,2015-04-19,2015,TABF11,26,Peeping Mom,3.23,40157
573,6.8,335,21,573,2015-05-10,2015,TABF15,26,Bull-E,2.77,43978
576,6.7,395,2,576,2015-10-04,2015,TABF17,27,Cue Detective,6.02,178
580,6.8,335,6,580,2015-11-08,2015,TABF21,27,Friend with Benefit,3.48,175
583,8.4,698,9,583,2015-12-13,2015,VABF02,27,Barthood,5.97,182
585,6.8,309,11,585,2016-01-10,2016,VABF04,27,Teenage Mutant Milk-Caused Hurdles,8.33,172
588,6.6,293,14,588,2016-02-21,2016,VABF06,27,Gal of Constant Sorrow,3.1,144
590,7.3,262,16,590,2016-03-13,2016,VABF09,27,The Marge-ian Chronicles,3.07,201
593,7.1,229,19,593,2016-04-24,2016,VABF12,27,Fland Canyon,2.77,192
595,6.4,227,21,595,2016-05-15,2016,VABF13,27,Simprovised,2.8,228
465,6.3,691,1,465,2010-09-26,2010,MABF21,22,Elementary School Musical,7.75,31638
463,7.2,545,22,463,2010-05-16,2010,MABF11,21,The Bob Next Door,6.26,43446
451,6.7,552,10,451,2010-01-10,2010,LABF20,21,Once Upon a Time in Springfield,14.62,40194
459,6.9,482,18,459,2010-04-18,2010,MABF09,21,Chief of Hearts,5.93,41528
461,7.2,519,20,461,2010-05-02,2010,MABF12,21,To Surveil with Love,6.06,45738
479,6.7,489,15,479,2011-03-06,2011,NABF08,22,The Scorpion's Tale,6.2,42142
477,6.9,461,13,477,2011-02-13,2011,NABF06,22,The Blue and the Gray,5.61,42028
454,6.6,496,13,454,2010-02-21,2010,MABF06,21,The Color Yellow,6.08,41059
470,6.5,479,6,470,2010-11-21,2010,NABF01,22,The Fool Monty,6.58,38097
453,6.8,525,12,453,2010-02-14,2010,MABF05,21,Boy Meets Curl,5.87,44945
481,6.5,470,17,481,2011-03-27,2011,NABF10,22,Love Is a Many Strangled Thing,6.14,41202
484,7.2,483,20,484,2011-05-08,2011,NABF13,22,Homer Scissorhands,5.48,46154
456,7,554,15,456,2010-03-21,2010,MABF07,21,Stealing First Base,5.69,40487
471,6.4,489,7,471,2010-11-28,2010,NABF02,22,How Munched is That Birdie in the Window?,9.38,37568
483,6.6,486,19,483,2011-05-01,2011,NABF12,22,The Real Housewives of Fat Tony,6.1,41638
474,6.3,464,10,474,2011-01-09,2011,NABF03,22,Moms I'd Like to Forget,12.6,41253
467,6.8,501,3,467,2010-10-10,2010,MABF18,22,MoneyBart,6.72,39073
475,6.9,520,11,475,2011-01-16,2011,NABF04,22,Flaming Moe,6.47,42734
488,7,528,2,488,2011-10-02,2011,NABF17,23,Bart Stops to Smell the Roosevelts,6.19,37642
490,6.7,491,4,490,2011-11-06,2011,NABF21,23,Replaceable You,7.97,38034
497,7,553,11,497,2012-01-15,2012,PABF04,23,The D'oh-cial Network,11.48,43275
540,7.1,475,10,540,2014-01-12,2014,SABF03,25,Married to the Blob,4.83,40646
507,6.7,408,21,507,2012-05-13,2012,PABF15,23,Ned 'n Edna's Blend,4.07,47005
512,6.7,415,4,512,2012-11-11,2012,PABF16,24,Gone Abie Gone,6.86,35136
517,6.9,411,9,517,2013-01-06,2013,RABF02,24,Homer Goes to Prep School,8.97,42306
533,6.5,482,3,533,2013-11-03,2013,RABF18,25,Four Regrettings and a Funeral,5.43,39301
537,7,440,7,537,2013-12-08,2013,SABF04,25,Yellow Subterfuge,6.85,43717
505,7.4,568,19,505,2012-04-29,2012,PABF12,23,A Totally Fun Thing That Bart Will Never Do Again,5,53058
492,7.8,712,6,492,2011-11-20,2011,NABF22,23,The Book Job,5.77,42780
499,6.5,490,13,499,2012-02-12,2012,PABF06,23,The Daughter Also Rises,4.26,40669
539,7.6,648,9,539,2014-01-05,2014,SABF05,25,Steal This Episode,12.04,45354
501,6.9,425,15,501,2012-03-04,2012,PABF09,23,Exit Through the Kwik-E-Mart,5.09,45133
523,7,418,15,523,2013-03-10,2013,RABF09,24,"Black Eyed, Please",4.85,42925
503,7.1,493,17,503,2012-03-18,2012,PABF10,23,"Them, Robot",5.25,43615
532,7.1,654,2,532,2013-10-06,2013,RABF16,25,Treehouse of Horror XXIV,6.42,64758
526,6.5,405,18,526,2013-04-28,2013,RABF11,24,Pulpit Friction,4.54,41184
519,6.6,405,11,519,2013-01-27,2013,RABF04,24,The Changing of the Guardian,5.23,42215
509,6.4,597,1,509,2012-09-30,2012,PABF21,24,Moonshine River,8.08,36570
514,6.5,430,6,514,2012-11-25,2012,PABF22,24,A Tree Grows in Springfield,7.46,43211
510,7.3,600,2,510,2012-10-07,2012,PABF17,24,Treehouse of Horror XXIII,6.57,67484
515,7.2,493,7,515,2012-12-09,2012,PABF20,24,The Day the Earth Stood Cool,7.44,40649
521,7,406,13,521,2013-02-17,2013,RABF05,24,Hardly Kirk-ing,4.57,42807
528,6.3,410,20,528,2013-05-12,2013,RABF12,24,The Fabulous Faker Boy,4.16,42426
535,7.1,442,5,535,2013-11-17,2013,RABF19,25,Labor Pains,4.08,40671
530,7,396,22,530,2013-05-19,2013,RABF17,24,Dangers on a Train,4.52,44984
544,6.6,407,14,544,2014-03-16,2014,SABF09,25,The Winter of His Content,4.02,44271
549,5.8,445,19,549,2014-04-27,2014,SABF14,25,What to Expect When Bart's Expecting,3.45,48760
560,6.5,431,8,560,2014-11-23,2014,TABF02,26,Covercraft,3.45,38432
565,6.3,377,13,565,2015-02-08,2015,TABF06,26,Walking Big & Tall,2.78,36221
579,6.8,385,5,579,2015-10-25,2015,TABF18,27,Treehouse of Horror XXVI,6.75,195
584,6.6,356,10,584,2016-01-03,2016,VABF03,27,The Girl Code,4.41,166
551,6.7,402,21,551,2014-05-11,2014,SABF15,25,Pay Pal,3.66,51132
575,5.9,532,1,575,2015-09-27,2015,TABF14,27,Every Man's Dream,3.28,187
572,6.2,330,20,572,2015-05-03,2015,TABF13,26,Let's Go Fly a Coot,3.12,40783
569,6.7,374,17,569,2015-03-15,2015,TABF10,26,Waiting for Duffman,3.59,37874
581,6.3,328,7,581,2015-11-22,2015,TABF20,27,Lisa with an 'S',5.64,145
563,7.3,434,11,563,2015-01-11,2015,TABF05,26,Bart's New Friend,4.28,39702
587,6.3,252,13,587,2016-02-14,2016,VABF07,27,Love Is in the N2-O2-Ar-CO2-Ne-He-CH4,2.89,158
571,6.9,347,19,571,2015-04-26,2015,TABF12,26,The Kids Are All Fight,3.33,42123
568,6.9,377,16,568,2015-03-08,2015,TABF09,26,Sky Police,3.79,43023
553,5.8,652,1,553,2014-09-28,2014,SABF20,26,Clown in the Dumps,8.53,29526
555,6.5,457,3,555,2014-10-12,2014,SABF19,26,Super Franchise Me,7.33,42912
586,6.7,271,12,586,2016-01-17,2016,VABF05,27,Much Apu About Something,3.95,170
561,6.8,432,9,561,2014-12-07,2014,TABF03,26,I Won't Be Home for Christmas,6.52,37064
556,7.3,612,4,556,2014-10-19,2014,SABF21,26,Treehouse of Horror XXV,7.76,65425
566,6.7,360,14,566,2015-02-15,2015,TABF07,26,My Fare Lady,2.67,35846
591,6.5,246,17,591,2016-04-03,2016,VABF10,27,The Burns Cage,2.32,190
574,6.9,335,22,574,2015-05-17,2015,TABF16,26,Mathlete's Feat,2.82,47429
589,6.3,233,15,589,2016-03-06,2016,VABF08,27,Lisa the Veterinarian,3.09,174
582,7.1,305,8,582,2015-12-06,2015,VABF01,27,Paths of Glory,5.53,170
577,7.2,404,3,577,2015-10-11,2015,TABF19,27,Puffless,3.31,160
495,8.2,905,9,495,2011-12-11,2011,NABF18,23,Holidays of Future Passed,6.43,69460
558,7.9,977,6,558,2014-11-09,2014,SABF16,26,Simpsorama,6.7,48223
578,7.5,462,4,578,2015-10-18,2015,TABF22,27,Halloween of Horror,3.69,196
594,6.7,193,20,594,2016-05-08,2016,VABF14,27,To Courier with Love,2.52,192
458,6.7,482,17,458,2010-04-11,2010,MABF08,21,American History X-cellent,5.65,44645
460,6.9,511,19,460,2010-04-25,2010,MABF14,21,The Squirt and the Whale,5.94,40632
468,7.1,680,4,468,2010-11-07,2010,MABF16,22,Treehouse of Horror XXI,8.19,61954
493,6.8,493,7,493,2011-11-27,2011,PABF01,23,The Man in the Blue Flannel Pants,5.61,41687
524,7.1,417,16,524,2013-03-17,2013,RABF10,24,Dark Knight Court,4.89,44170
529,7.2,460,21,529,2013-05-19,2013,RABF14,24,The Saga of Carl,4.01,42996
546,6.9,430,16,546,2014-03-30,2014,SABF11,25,You Don't Have to Live Like a Referee,3.91,42080
567,6.6,372,15,567,2015-03-01,2015,TABF08,26,The Princess Guide,3.93,34137
592,6.4,228,18,592,2016-04-10,2016,VABF11,27,How Lisa Got Her Marge Back,2.55,188
596,6.9,210,22,596,2016-05-22,2016,VABF15,27,Orange Is the New Yellow,2.54,276
486,7,492,22,486,2011-05-22,2011,NABF15,22,The Ned-Liest Catch,5.25,43681
500,7,580,14,500,2012-02-19,2012,PABF07,23,At Long Last Leave,5.77,45226
502,7.3,541,16,502,2012-03-11,2012,PABF08,23,How I Wet Your Mother,4.97,44818
511,6.9,460,3,511,2012-11-04,2012,PABF18,24,Adventures in Baby-Getting,5.65,39687
542,6.4,473,12,542,2014-03-09,2014,SABF08,25,Diggs,2.69,39292
548,7,504,18,548,2014-04-13,2014,SABF13,25,Days of Future Future,3.64,55742
